first_name,last_name,email,gender,country,birth_date
Darbee,Pinkstone,dpinkstonenl@loc.gov,Male,Poland,03/11/1996
Onofredo,Deveraux,odeverauxk9@themeforest.net,Male,Portugal,04/12/1997
Zacharias,Minker,zminkerns@twitpic.com,Male,Greece,04/7/1980
Jo ann,Hurdis,jhurdisc4@arstechnica.com,Female,New Caledonia,12/13/1988
Eduard,Bond,ebond7z@prweb.com,Male,Colombia,09/23/1982
Micheline,Brockman,mbrockman4g@netvibes.com,Female,China,02/18/1995
Devland,Fibbens,dfibbensk5@dagondesign.com,Male,Indonesia,06/16/1983
Carleton,Day,cdayas@lycos.com,Male,Brazil,05/12/1995
Isa,Ekell,iekellf4@homestead.com,Female,Philippines,12/27/1993
Brander,Bellanger,bbellanger8x@narod.ru,Male,Indonesia,10/24/1985
Ginevra,Wolters,gwoltersic@earthlink.net,Female,Iraq,12/22/1984
Ad,Lapenna,alapennanq@ca.gov,Male,Russia,09/6/1986
Joy,Josskowitz,jjosskowitzae@elpais.com,Female,France,10/29/1996
Randell,Stidston,rstidston2a@dmoz.org,Male,Ukraine,05/26/1992
Elyssa,Pablo,epablolf@yahoo.co.jp,Female,China,09/1/1994
Lesly,Flitcroft,lflitcroftdn@elegantthemes.com,Female,Belarus,11/18/1985
Sibilla,Sapson,ssapsonnn@opera.com,Female,Brazil,02/17/1981
Abbe,Brittian,abrittianbv@state.gov,Male,Russia,09/30/1996
Florrie,Knibb,fknibbox@washingtonpost.com,Female,Iran,03/31/1983
Jan,Garrity,jgarritye0@go.com,Male,South Africa,02/8/1989
Elisa,Hubbock,ehubbockiy@netvibes.com,Female,Greece,02/18/1988
Kenyon,Fero,kferoa@google.fr,Male,Portugal,09/8/1996
Waring,Griffitts,wgriffitts7e@toplist.cz,Male,Indonesia,12/18/1999
Trey,Rimmington,trimmingtonj9@live.com,Male,China,12/17/1995
Farly,Hatchell,fhatchell8j@delicious.com,Male,China,01/31/1994
Chilton,Jaquest,cjaquestpo@independent.co.uk,Male,Colombia,06/25/1998
Derrik,Mosedill,dmosedilln7@whitehouse.gov,Male,Sri Lanka,11/4/1980
Barret,Reditt,breditthr@about.com,Male,Iceland,09/10/1983
Stesha,Spivie,sspiviekl@godaddy.com,Female,Brazil,07/14/1984
Alexine,Crutchley,acrutchleyje@vistaprint.com,Female,Peru,06/10/1980
Joyous,Jellings,jjellingsie@soundcloud.com,Female,Indonesia,09/2/1982
Lucille,Dollar,ldollaran@examiner.com,Female,Indonesia,10/7/1983
Constantino,Giovannini,cgiovanninilb@phoca.cz,Male,China,12/1/1998
Lynn,Farloe,lfarloe3w@jigsy.com,Female,Colombia,06/16/1994
Antonio,Kruger,akruger41@samsung.com,Male,Argentina,07/30/1991
Adiana,Dawbery,adawbery49@home.pl,Female,Sweden,04/1/1989
Selina,Garrelts,sgarreltsjv@cnbc.com,Female,China,06/26/1980
Therese,Kadd,tkaddpp@irs.gov,Female,Russia,11/20/1993
Lucina,Cutchey,lcutchey83@etsy.com,Female,Thailand,09/4/1998
Concordia,Renzini,crenzinie7@uiuc.edu,Female,Azerbaijan,12/18/1991
Brockie,Cosslett,bcosslettqp@123-reg.co.uk,Male,Greece,08/15/1987
Rutherford,Ebertz,rebertzm2@businessweek.com,Male,French Southern Territories,02/2/1991
Federico,Beeble,fbeeble2e@hubpages.com,Male,Indonesia,06/21/1997
Margeaux,Jacqueme,mjacqueme3@istockphoto.com,Female,Egypt,05/16/1986
Trev,Prestner,tprestnerdm@dell.com,Male,Poland,12/31/1997
Maxim,Breede,mbreedeim@shutterfly.com,Male,Haiti,02/25/1983
Maurizia,Whittock,mwhittock24@aboutads.info,Female,Kazakhstan,02/13/1980
Dene,Bahia,dbahia5m@ow.ly,Male,China,11/29/1981
Isador,Duckham,iduckhamhx@instagram.com,Male,Greece,02/13/1993
Gusta,Tolwood,gtolwoodcm@tripod.com,Female,Poland,11/6/1984
Al,Dumphry,adumphryn@linkedin.com,Male,Colombia,04/7/1987
Reynold,Chilley,rchilleyf2@uiuc.edu,Male,China,04/22/1995
Dilan,Sneezem,dsneezemp@deliciousdays.com,Male,Indonesia,04/16/1987
Shelley,Carwithan,scarwithand7@vkontakte.ru,Male,Serbia,07/27/1989
Tarrance,Kenton,tkentonl8@zimbio.com,Male,China,06/21/1981
Caresa,Giabucci,cgiabucci8u@opensource.org,Female,Colombia,09/15/1993
Natalie,Marfe,nmarfecm@netscape.com,Female,Brazil,06/11/1992
Dannie,Deble,ddebleag@odnoklassniki.ru,Female,Philippines,11/20/1993
Merrile,McClory,mmccloryel@ebay.com,Female,Japan,05/17/1992
Thomasa,Lisciandri,tlisciandrij2@independent.co.uk,Female,Sweden,01/9/1980
Nilson,Lathleiff,nlathleiffgy@ameblo.jp,Male,Russia,06/27/1985
Vlad,Lansdowne,vlansdownekj@prweb.com,Male,Russia,12/20/1993
Eleanore,Tysall,etysall7l@gizmodo.com,Female,Indonesia,06/10/1984
Hamish,Currier,hcurrierno@studiopress.com,Male,Nepal,12/13/1993
Krystyna,Dagon,kdagonmp@wordpress.com,Female,Sweden,12/17/1990
Andromache,Annets,aannets73@sourceforge.net,Female,Russia,11/9/1988
Guendolen,Berger,gbergerjv@nih.gov,Female,Cyprus,10/24/1997
Candis,Cairney,ccairneyat@soup.io,Female,Colombia,01/31/1992
Corissa,Edkins,cedkins46@rakuten.co.jp,Female,Philippines,12/13/1982
Jilli,Helks,jhelksga@barnesandnoble.com,Female,Ukraine,05/13/1985
Misha,Macvey,mmacveyr8@ask.com,Female,Botswana,10/31/1996
Oralia,Lancaster,olancasteroh@dailymotion.com,Female,Belgium,11/30/1989
Troy,Flott,tflottoq@wikia.com,Male,China,11/21/1989
Michaeline,Bragger,mbragger6j@cbc.ca,Female,Niger,03/25/1987
Son,Eversfield,seversfieldr@china.com.cn,Male,Portugal,05/30/1996
Dredi,Buist,dbuistn2@toplist.cz,Female,Russia,09/7/1996
Liam,Teffrey,lteffreyfe@goo.gl,Male,Russia,08/16/1980
Taffy,Shelf,tshelfrd@time.com,Female,Ukraine,03/23/1998
Penni,Ruggs,pruggseh@rakuten.co.jp,Female,Canada,08/4/1992
Claire,Owbrick,cowbrick5c@hud.gov,Female,Chile,10/21/1984
Bryce,Izakoff,bizakoffm1@reference.com,Male,Sweden,01/22/1998
Livvie,Josephs,ljosephsin@g.co,Female,Portugal,04/28/1981
Hussein,Giriardelli,hgiriardellidd@wordpress.org,Male,Nigeria,07/2/1986
Marlow,Knatt,mknatto0@technorati.com,Male,Philippines,12/15/1997
Jasmina,Duran,jduran5m@indiatimes.com,Female,China,05/25/1988
Kiersten,Bellenger,kbellenger7q@mashable.com,Female,China,04/21/1984
Mendel,Grafham,mgrafhamgj@go.com,Male,Canada,11/20/1982
Glenine,Rosenstein,grosensteinrr@flavors.me,Female,Panama,07/27/1980
Elvina,Morter,emorterqz@typepad.com,Female,Brazil,08/13/1998
Cory,Beazley,cbeazleyld@tinypic.com,Male,Iran,04/22/1994
Netty,Dunklee,ndunkleeht@si.edu,Female,Venezuela,01/3/1989
Nicoline,Boote,nbooteqe@gmpg.org,Female,France,08/23/1995
Kiley,Gallone,kgallone4n@umich.edu,Female,Peru,04/30/1988
Jeni,McCraw,jmccrawfg@desdev.cn,Female,China,04/19/1984
Garrott,Cassell,gcassellq1@theatlantic.com,Male,China,08/28/1994
Sukey,Nashe,snashell@cargocollective.com,Female,Indonesia,03/26/1989
Virge,Issacov,vissacovbx@yandex.ru,Male,China,11/9/1980
Cyndi,MacGibbon,cmacgibbonnb@bloomberg.com,Female,Albania,05/10/1998
Werner,Agastina,wagastinace@facebook.com,Male,France,12/5/1990
Bili,Markova,bmarkova46@canalblog.com,Female,Brazil,11/7/1982
Armin,Cherry,acherry3@eepurl.com,Male,Macedonia,01/19/1990
Jonathon,Wise,jwiseed@oracle.com,Male,Indonesia,09/18/1983
Shawn,Darrel,sdarrel5a@stumbleupon.com,Male,Poland,07/11/1983
Marysa,Penylton,mpenyltonk9@merriam-webster.com,Female,South Africa,11/22/1980
Lanie,McAllister,lmcallisteriz@yellowpages.com,Male,Colombia,12/2/1982
Camala,Leggat,cleggatik@163.com,Female,Indonesia,08/21/1983
Gunther,Gear,ggearox@ask.com,Male,Russia,10/12/1984
Deloria,Screas,dscreasps@mail.ru,Female,Indonesia,07/5/1980
Sibylla,McAlees,smcaleesmr@storify.com,Female,Tajikistan,06/21/1994
Chadwick,Rankling,cranklingk8@slate.com,Male,Japan,02/28/1984
Christa,Stenson,cstensongr@mozilla.org,Female,Vietnam,01/28/1981
Salomon,Gregon,sgregonmf@webeden.co.uk,Male,Portugal,09/2/1999
Morty,Moff,mmoffmi@baidu.com,Male,France,01/8/1988
Lyndy,Wylam,lwylam91@stanford.edu,Female,Indonesia,06/20/1995
Lila,Reichardt,lreichardtlr@pagesperso-orange.fr,Female,Kazakhstan,10/3/1994
Yvon,Ghost,yghost85@hc360.com,Male,Poland,11/27/1999
Dyan,Lanigan,dlanigannh@bizjournals.com,Female,Indonesia,09/5/1981
Cindy,Dempsey,cdempseypb@dmoz.org,Female,Indonesia,08/25/1991
Camel,Flament,cflamentg7@un.org,Female,Ukraine,04/17/1986
Laughton,Hillhouse,lhillhousene@webeden.co.uk,Male,Thailand,01/2/1996
Violet,Bolesworth,vboleswortheb@devhub.com,Female,Honduras,11/23/1987
Gill,Skipsea,gskipsea7s@ehow.com,Male,China,08/8/1999
Thorin,L'Homme,tlhomme52@sphinn.com,Male,Bulgaria,08/24/1994
Katharine,Downgate,kdowngatecq@illinois.edu,Female,China,07/28/1992
Wittie,Loveman,wloveman69@usa.gov,Male,France,05/12/1998
Barrie,Dyers,bdyers61@reuters.com,Male,China,04/29/1984
Dorian,Shepstone,dshepstonep6@ftc.gov,Male,Colombia,10/7/1983
Sterne,Kleinerman,skleinermanlv@chron.com,Male,Iran,05/22/1998
Perle,Bernon,pbernonb@fotki.com,Female,China,12/23/1982
Ninnette,Cuniam,ncuniamoy@apache.org,Female,Colombia,04/26/1990
Thorn,Chatell,tchatell9x@prweb.com,Male,France,10/19/1993
Roarke,Ravilious,rraviliousek@vinaora.com,Male,Thailand,03/22/1999
Delmor,Filippyev,dfilippyev38@wordpress.org,Male,Brazil,01/15/1989
Brody,Vennart,bvennart7c@ox.ac.uk,Male,Slovenia,09/7/1999
Humbert,Ensor,hensor6l@merriam-webster.com,Male,France,02/7/1986
Ernesto,Yashnov,eyashnovlk@weebly.com,Male,Greece,05/2/1990
Jethro,Petraitis,jpetraitisnq@wikimedia.org,Male,Indonesia,12/20/1986
Cordie,Yakovlev,cyakovlevb4@angelfire.com,Male,China,08/26/1990
Galina,Budden,gbuddenlq@addtoany.com,Female,Pakistan,07/1/1985
Riccardo,Dallosso,rdallossojz@va.gov,Male,Finland,09/19/1997
Reynolds,Creane,rcreane17@wufoo.com,Male,Palestinian Territory,11/8/1980
Mable,Lexa,mlexaf4@indiegogo.com,Female,Canada,12/18/1981
Ingar,Peploe,ipeploegw@macromedia.com,Male,Poland,10/13/1988
Boot,Mulran,bmulranp@blogs.com,Male,Indonesia,08/29/1998
Moe,Nono,mnonoeq@icq.com,Male,Botswana,02/24/1988
Guinevere,Plumtree,gplumtreeqf@cdc.gov,Female,Yemen,03/1/1986
Spenser,Gillan,sgillano7@gizmodo.com,Male,China,08/31/1996
Egon,Fluin,efluinbg@businessinsider.com,Male,China,05/17/1994
Jobyna,Seak,jseak8l@ox.ac.uk,Female,Poland,11/7/1992
Meredeth,Goble,mgoblecw@stanford.edu,Male,Indonesia,10/26/1987
Nicola,Blacket,nblacketaf@hibu.com,Female,China,11/15/1989
Kelvin,Seakings,kseakingslh@w3.org,Male,Poland,04/6/1989
Dave,Adnet,dadnet82@acquirethisname.com,Male,China,06/3/1985
Nicolle,Sperrett,nsperrett27@360.cn,Female,Spain,04/2/1997
Elfie,Gullefant,egullefantdh@nymag.com,Female,Afghanistan,05/12/1993
Ruy,Haithwaite,rhaithwaite3y@theguardian.com,Male,Jordan,06/28/1995
Alasteir,Richardet,arichardet1d@buzzfeed.com,Male,Philippines,10/28/1988
Welby,Poley,wpoleyqf@phoca.cz,Male,China,07/7/1993
Lynn,Egentan,legentanbp@etsy.com,Male,Czech Republic,01/19/1990
Colleen,Kilgallen,ckilgallen6y@amazonaws.com,Female,Yemen,10/8/1995
Reggis,Danilchenko,rdanilchenkokz@stumbleupon.com,Male,Bulgaria,09/27/1987
Sharlene,Atrill,satrillna@imdb.com,Female,Brazil,09/21/1994
Kelci,Balazs,kbalazsnf@bandcamp.com,Female,China,06/16/1987
Mikey,Anthony,manthonycv@issuu.com,Male,Gambia,07/3/1980
Elna,Couthard,ecouthardjb@dell.com,Female,Syria,02/8/1991
Esta,Alu,ealuqd@elpais.com,Female,Brazil,03/14/1982
Marysa,Kalvin,mkalvine3@amazonaws.com,Female,Bolivia,12/13/1992
Sibel,Tithacott,stithacottca@webnode.com,Female,Peru,06/19/1994
Smith,Aucoate,saucoate1k@livejournal.com,Male,China,06/7/1990
Myrilla,Dewerson,mdewersonbg@sakura.ne.jp,Female,Poland,04/5/1981
Hildagarde,Sedgemore,hsedgemoregk@tripadvisor.com,Female,China,12/28/1998
Putnem,Durnell,pdurnelldh@nyu.edu,Male,Azerbaijan,08/7/1999
Zilvia,Disley,zdisleyh7@cocolog-nifty.com,Female,Indonesia,04/28/1999
Radcliffe,Strawbridge,rstrawbridgeed@mozilla.org,Male,Central African Republic,11/9/1984
Luce,Gowenlock,lgowenlockl9@squarespace.com,Male,Indonesia,08/15/1987
Fitzgerald,Dreschler,fdreschlerpb@i2i.jp,Male,Sweden,09/7/1983
Felecia,Kenafaque,fkenafaquedk@tmall.com,Female,Indonesia,09/4/1990
Joya,Kinder,jkinderpa@desdev.cn,Female,United States,01/14/1986
Hall,Harlow,hharlowbh@feedburner.com,Male,Peru,09/2/1994
Nappy,Corde,ncorde6r@tripod.com,Male,Brazil,07/20/1990
Tobie,Clowney,tclowneyi@webeden.co.uk,Male,Indonesia,05/16/1989
Hervey,Kendrew,hkendrewhm@indiegogo.com,Male,Indonesia,06/10/1989
Kristoffer,Flement,kflementaf@1688.com,Male,Iran,11/6/1981
Mohandas,Hutcheon,mhutcheonl3@hexun.com,Male,Iran,01/9/1992
Gabby,Kauble,gkaublee8@mozilla.org,Male,Afghanistan,02/1/1982
Leonie,Eckels,leckelsnx@yellowbook.com,Female,South Korea,09/7/1983
Farrand,Espinazo,fespinazo1b@pagesperso-orange.fr,Female,Poland,01/23/1988
Burr,Hosier,bhosierdu@go.com,Male,Denmark,06/21/1987
Chevalier,Osgar,cosgaro7@pen.io,Male,Poland,05/6/1997
Jaquelin,Mattheeuw,jmattheeuwc9@oakley.com,Female,France,01/15/1989
Aharon,Puve,apuve3n@independent.co.uk,Male,Russia,06/23/1993
Arlen,Britto,abritto9l@soup.io,Female,China,01/19/1989
Shea,Boddis,sboddisc4@csmonitor.com,Male,France,07/28/1995
Trueman,Males,tmaleshu@addtoany.com,Male,Chile,02/25/1984
April,McMichael,amcmichaelah@marriott.com,Female,Iran,06/26/1999
Sibilla,Sharnock,ssharnockjr@networksolutions.com,Female,Ukraine,08/12/1981
Sunny,Babcock,sbabcockls@so-net.ne.jp,Female,Switzerland,10/31/1989
Marlow,Thandi,mthandiqn@wix.com,Male,Poland,06/20/1991
Elbertine,Tomei,etomei9j@state.gov,Female,Australia,07/13/1985
Enos,Mourbey,emourbeyde@dion.ne.jp,Male,Indonesia,05/23/1989
Durand,Friedlos,dfriedlos1s@vkontakte.ru,Male,China,05/28/1996
Lanette,Hutcheson,lhutcheson93@ucsd.edu,Female,Nigeria,08/28/1982
Jefferey,Langland,jlanglandm6@opensource.org,Male,Philippines,03/4/1983
Gawen,Leport,gleportmw@bandcamp.com,Male,Argentina,04/24/1991
Gabbey,O'Scollee,goscollee3f@epa.gov,Female,Comoros,02/13/1996
Kaspar,Sprasen,ksprasen5h@jiathis.com,Male,China,01/12/1997
Marie,Josephy,mjosephypr@ucla.edu,Female,China,05/4/1990
Alika,Nare,anaredm@symantec.com,Female,South Africa,05/19/1992
Charo,Pavese,cpaveseaa@omniture.com,Female,United States,01/14/1989
Ernst,Fordham,efordhamft@telegraph.co.uk,Male,Russia,07/18/1996
Felipa,Chater,fchatern@ask.com,Female,Poland,03/24/1990
Dunn,Milliere,dmillierejl@toplist.cz,Male,Japan,09/8/1996
Perl,Casero,pcaserore@techcrunch.com,Female,Czech Republic,04/14/1989
Cedric,McCritichie,cmccritichie78@un.org,Male,Greece,07/7/1994
Carmel,Fateley,cfateley8d@ocn.ne.jp,Female,China,04/21/1997
Glenda,Bromhead,gbromhead6c@mashable.com,Female,Greece,06/6/1983
Gilbertine,Alldis,galldis3v@cocolog-nifty.com,Female,Tajikistan,06/18/1983
Kata,M'Quharg,kmquharge4@npr.org,Female,Philippines,06/22/1985
Shaun,Pirozzi,spirozziiz@buzzfeed.com,Male,Portugal,12/13/1990
Filip,Valentelli,fvalentelli80@bravesites.com,Male,France,09/26/1996
Hodge,McDade,hmcdadely@g.co,Male,Russia,04/16/1986
Inna,Union,iuniondz@behance.net,Female,Philippines,08/1/1990
Albertina,Aggio,aaggioiz@macromedia.com,Female,Indonesia,12/14/1989
Jarred,Whawell,jwhawella1@xinhuanet.com,Male,Sweden,03/10/1997
Rivkah,Demeza,rdemeza7c@sfgate.com,Female,Russia,11/7/1997
Farica,Wilcocke,fwilcockech@blogtalkradio.com,Female,Portugal,11/26/1984
Timoteo,Gilogly,tgiloglyj9@paypal.com,Male,Poland,01/2/1987
Bronnie,Muffen,bmuffenla@wunderground.com,Male,Morocco,03/12/1980
Irina,Mackleden,imackledenmj@businesswire.com,Female,Greece,12/14/1983
Peirce,Sawley,psawleyf8@microsoft.com,Male,Tajikistan,02/16/1984
Harmon,Carse,hcarsehm@ed.gov,Male,Poland,05/28/1989
Dannie,Tolussi,dtolussipj@europa.eu,Male,El Salvador,08/27/1995
Erl,Kobera,ekoberaaw@hatena.ne.jp,Male,China,07/5/1998
Stormy,Pawelek,spawelekr2@wp.com,Female,Bahrain,02/9/1982
Annmarie,Stefi,astefiir@nydailynews.com,Female,Brazil,10/8/1995
Griz,Derell,gderellpc@multiply.com,Male,Philippines,09/24/1988
Cosme,Lesor,clesor8a@cnn.com,Male,Malaysia,03/27/1985
Ham,Elsay,helsay88@disqus.com,Male,Portugal,11/4/1999
Riccardo,Juhruke,rjuhruke9a@eventbrite.com,Male,Russia,10/22/1999
Garwin,Abram,gabramgd@google.com,Male,Iran,10/2/1998
Lenora,Castellaccio,lcastellaccio22@livejournal.com,Female,Iran,11/12/1980
Glenda,Imm,gimmq7@dailymail.co.uk,Female,Indonesia,02/23/1983
Bellina,MacGiany,bmacgiany5h@fastcompany.com,Female,China,05/30/1981
Vernice,Castagnaro,vcastagnarofr@posterous.com,Female,Finland,09/5/1990
Orsa,Farquarson,ofarquarsono0@geocities.jp,Female,Portugal,10/16/1986
Anita,Andriesse,aandriessekh@businesswire.com,Female,Nigeria,04/26/1983
Millisent,Londesborough,mlondesboroughqr@plala.or.jp,Female,China,01/17/1999
Chaddy,Patria,cpatriadw@npr.org,Male,Sri Lanka,06/1/1996
Kiersten,Loughrey,kloughreyhz@ted.com,Female,Honduras,11/22/1993
Alonzo,Condell,acondellj7@paypal.com,Male,United States,08/10/1999
Travis,Furzer,tfurzerqn@foxnews.com,Male,Cameroon,05/23/1985
Sheppard,Suston,ssustonm4@java.com,Male,China,12/23/1988
Don,Storrs,dstorrsgh@microsoft.com,Male,Russia,03/7/1984
Delly,Urry,durryen@homestead.com,Female,South Korea,01/29/1980
Ailbert,Dearle,adearlel2@yahoo.com,Male,China,09/27/1982
Evonne,Bedinham,ebedinhamj9@devhub.com,Female,South Africa,12/6/1991
Rowan,Tappor,rtapporkh@tripadvisor.com,Male,Thailand,05/30/1985
Patrice,Hazeldine,phazeldinerl@delicious.com,Female,China,07/31/1989
Nola,Casper,ncasperrd@boston.com,Female,Greece,06/19/1991
Albrecht,Dunabie,adunabied8@privacy.gov.au,Male,United States,02/12/1986
Alejandrina,Rotherham,arotherham40@dagondesign.com,Female,Philippines,10/14/1999
Riordan,Licari,rlicarir7@netvibes.com,Male,Russia,05/20/1981
L;urette,Herreran,lherreraniz@wikimedia.org,Female,Brazil,10/13/1984
Alexandrina,Ledrane,aledrane90@goo.gl,Female,Venezuela,03/1/1981
Moria,Claridge,mclaridgees@joomla.org,Female,China,06/21/1991
Gene,Diggens,gdiggensfr@thetimes.co.uk,Female,Brazil,07/11/1992
Electra,Wrigley,ewrigleyl2@nbcnews.com,Female,China,07/12/1982
Carlee,Bootell,cbootell2e@xing.com,Female,Poland,10/12/1992
Aguistin,Pantridge,apantridgeey@spotify.com,Male,China,12/5/1996
Alphonso,Willes,awillesk3@oakley.com,Male,Mongolia,05/9/1995
Jayson,Keoghan,jkeoghanbj@blogger.com,Male,China,11/8/1993
Bendick,Bane,bbane3x@nih.gov,Male,Zimbabwe,09/30/1980
Wyatt,Treneer,wtreneer3a@senate.gov,Male,Argentina,03/18/1991
Corbin,Eplate,ceplatef9@archive.org,Male,Philippines,09/30/1987
Hamid,Clemanceau,hclemanceau8p@csmonitor.com,Male,France,02/12/1982
Wendi,Kellog,wkellog6a@1und1.de,Female,China,08/11/1991
Dore,Mertsching,dmertschingfj@comsenz.com,Female,Russia,08/26/1988
Michail,Covotto,mcovottodq@arstechnica.com,Male,Costa Rica,07/5/1990
Florida,Titterington,ftitterington82@virginia.edu,Female,Ukraine,03/7/1997
Drona,Cathee,dcatheefl@mtv.com,Female,United Kingdom,11/16/1980
Vale,Darque,vdarque90@amazon.co.jp,Male,Indonesia,01/25/1994
Angus,Bruinemann,abruinemannir@va.gov,Male,China,06/4/1985
Hilario,Caban,hcabanrf@freewebs.com,Male,Russia,08/4/1991
Thor,Halleday,thalleday78@reddit.com,Male,China,04/15/1989
Osbourne,Emmet,oemmet4p@cornell.edu,Male,China,06/11/1993
Tamqrah,McGahern,tmcgahern2@soup.io,Female,Brazil,08/13/1987
Zelda,Laugherane,zlaugheraneik@qq.com,Female,Ukraine,01/31/1990
Chandler,Laboune,clabounede@sbwire.com,Male,Burkina Faso,10/19/1998
Englebert,Bennion,ebennionhh@hc360.com,Male,Ireland,03/22/1994
Garwood,Skains,gskains11@sciencedirect.com,Male,China,10/18/1980
Selestina,McKie,smckiecq@intel.com,Female,Ethiopia,03/30/1984
Borden,Rackam,brackamkc@icio.us,Male,Mexico,01/23/1990
Rex,Kummerlowe,rkummerlowebk@intel.com,Male,China,09/26/1997
Chick,Dollin,cdollinfj@opera.com,Male,Philippines,10/9/1989
Willi,Shalloe,wshalloe9y@economist.com,Female,China,02/19/1983
Corabelle,Merigeau,cmerigeauds@princeton.edu,Female,Malaysia,08/23/1980
Kenyon,Bradforth,kbradforth5r@icq.com,Male,Philippines,10/29/1994
Tallie,Silverthorne,tsilverthorne39@tumblr.com,Male,Philippines,02/10/1983
Vidovic,Collison,vcollison7r@eepurl.com,Male,Brazil,01/25/1985
Micheline,Alliker,mallikercm@is.gd,Female,China,08/24/1999
Sal,Maundrell,smaundrellqg@vkontakte.ru,Female,Poland,08/17/1984
Carlen,Mertel,cmertelj8@ucoz.com,Female,Belarus,01/14/1998
Keen,Jewel,kjewelbd@ox.ac.uk,Male,Japan,04/24/1990
Pinchas,Ridoutt,pridoutt2m@slashdot.org,Male,China,04/26/1989
Clem,Robak,crobak7k@sun.com,Male,Japan,06/22/1988
Wolfgang,Benthall,wbenthall3@rambler.ru,Male,Comoros,01/15/1994
Oberon,McCawley,omccawleyf7@senate.gov,Male,Russia,04/23/1992
Row,Conew,rconewr4@census.gov,Female,Indonesia,11/11/1983
Val,Remington,vremingtonj0@zimbio.com,Male,Russia,05/15/1994
Elbertine,Pengelley,epengelleylk@amazon.co.jp,Female,Indonesia,10/29/1989
Jennette,Escot,jescot61@comcast.net,Female,China,09/13/1992
Hilliard,Holbie,hholbieem@deliciousdays.com,Male,China,04/12/1990
Myrah,Tallant,mtallantfg@pagesperso-orange.fr,Female,Poland,04/22/1990
Karisa,Boord,kboordj4@vinaora.com,Female,Cameroon,06/27/1986
Abagail,Fache,afached8@yahoo.com,Female,Poland,03/15/1981
Rhodia,Carabine,rcarabine4y@altervista.org,Female,France,02/8/1987
Chrisse,Bussen,cbussenix@mail.ru,Male,Russia,07/23/1983
Lovell,Smart,lsmartma@spiegel.de,Male,Indonesia,03/19/1987
Othello,Gillum,ogillumhe@forbes.com,Male,Indonesia,03/19/1995
Adolpho,Tink,atinko4@mtv.com,Male,Indonesia,04/8/1990
Zach,Habergham,zhaberghamhr@ning.com,Male,Kazakhstan,02/23/1998
Susy,Agiolfinger,sagiolfinger6c@t.co,Female,China,01/24/1991
Gunner,Radwell,gradwellh7@etsy.com,Male,Canada,08/28/1992
Max,Fieldgate,mfieldgaterb@51.la,Male,Honduras,08/19/1991
Dom,Ebi,debifj@linkedin.com,Male,Portugal,05/22/1981
Ced,Pickthorn,cpickthornmt@sohu.com,Male,China,03/5/1982
Merrielle,Wippermann,mwippermannoe@usatoday.com,Female,Philippines,12/7/1983
Siffre,Forkan,sforkan3o@upenn.edu,Male,Argentina,04/9/1986
Sebastien,Johncey,sjohncey7p@thetimes.co.uk,Male,Indonesia,04/11/1999
Dave,Scotchmor,dscotchmorp@abc.net.au,Male,Republic of the Congo,12/14/1995
Davida,De Carlo,ddecarlorl@yandex.ru,Female,Indonesia,06/1/1992
Kaspar,Curbishley,kcurbishleynp@forbes.com,Male,Afghanistan,07/31/1985
Mohandis,Ravenscraft,mravenscraftly@nydailynews.com,Male,United States,11/30/1981
Deane,Hennington,dhenningtonfu@walmart.com,Female,Russia,06/11/1983
Philip,Yanin,pyaninbz@vkontakte.ru,Male,Costa Rica,08/14/1980
Flem,Escritt,fescritthl@google.es,Male,Russia,07/4/1992
Shaughn,Braithwait,sbraithwaitbm@ca.gov,Male,France,12/8/1991
Gustavus,Bambury,gbambury8x@amazon.co.uk,Male,Poland,09/10/1999
Donnamarie,Shotboult,dshotboult68@mapy.cz,Female,Sweden,08/30/1998
Lenard,Biaggioni,lbiaggionip5@addthis.com,Male,Czech Republic,04/15/1983
Ferdinande,Ingyon,fingyonq8@smugmug.com,Female,Japan,08/11/1988
Gordy,Rizzini,grizzini20@desdev.cn,Male,France,02/9/1997
Jessa,Sheffield,jsheffielda8@posterous.com,Female,Mexico,07/1/1996
Hazel,Clapston,hclapstonqu@cpanel.net,Female,United States,12/2/1999
Nita,Ingliss,ninglisskr@diigo.com,Female,Poland,12/19/1985
Merle,Cadore,mcadoreh9@omniture.com,Male,Indonesia,02/26/1999
Elissa,Bonner,ebonner3p@hubpages.com,Female,Nigeria,02/2/1993
Brit,Bridewell,bbridewelllo@php.net,Male,Indonesia,12/26/1988
Viki,Kobieriecki,vkobierieckilj@yahoo.co.jp,Female,Mauritius,05/20/1989
Duff,Tayt,dtaytn5@eventbrite.com,Male,Honduras,11/10/1997
Sibelle,Lewsey,slewseymr@ask.com,Female,Afghanistan,10/31/1983
Hadlee,Scamel,hscameld0@t.co,Male,Indonesia,05/27/1997
Becca,Rutigliano,brutiglianoby@gizmodo.com,Female,China,08/23/1986
Leisha,Hutson,lhutsonne@telegraph.co.uk,Female,Philippines,04/12/1982
Marquita,Kezor,mkezor5d@uol.com.br,Female,Portugal,02/4/1994
Lorry,Swetland,lswetland3d@wunderground.com,Male,Russia,03/21/1983
Flory,Fortnum,ffortnumay@columbia.edu,Female,Mayotte,07/6/1990
Denny,Matschuk,dmatschukkx@posterous.com,Male,United States,03/6/1982
Angus,Tearle,atearleb4@spotify.com,Male,China,10/28/1994
Reade,Cordle,rcordle6u@examiner.com,Male,Portugal,01/7/1993
Evita,Kneath,ekneathk5@mac.com,Female,Japan,08/3/1997
Benjie,Crommett,bcrommettk5@rakuten.co.jp,Male,Iran,09/1/1996
Corissa,Ollarenshaw,collarenshawgi@walmart.com,Female,Portugal,01/14/1986
Orion,Pinar,opinar9i@tinyurl.com,Male,China,10/7/1991
Federico,Praten,fpratenew@canalblog.com,Male,Thailand,05/31/1986
Patrizia,Sleightholm,psleightholm7w@csmonitor.com,Female,Portugal,10/8/1987
Sherill,Grogono,sgrogono90@ebay.co.uk,Female,Philippines,07/17/1992
Tawsha,Kirkup,tkirkupak@wisc.edu,Female,Afghanistan,09/21/1999
Mathilda,Kendell,mkendelll7@elpais.com,Female,France,07/25/1994
Adela,Pullman,apullmann3@sbwire.com,Female,Peru,10/8/1983
Kalindi,Bodiam,kbodiam4y@chicagotribune.com,Female,Indonesia,11/2/1999
Allissa,Caress,acaressg0@geocities.jp,Female,Netherlands,05/8/1982
Crysta,Pennycook,cpennycookpo@amazon.co.uk,Female,China,05/27/1981
Iolanthe,Shyres,ishyresj5@typepad.com,Female,China,10/27/1999
Cy,Dubbin,cdubbinot@usa.gov,Male,Marshall Islands,12/29/1989
Elsa,Shakespear,eshakespearab@123-reg.co.uk,Female,Sweden,04/7/1986
Merralee,Crust,mcrustfr@seattletimes.com,Female,Japan,04/19/1984
Elysha,Lamy,elamy5t@trellian.com,Female,Indonesia,02/10/1998
Julita,Warriner,jwarrinerdq@seesaa.net,Female,China,03/3/1990
Luigi,Hiorn,lhiornkv@yandex.ru,Male,United Kingdom,04/8/1981
Leonerd,Picott,lpicottky@ebay.co.uk,Male,Sweden,02/11/1986
Enriqueta,Hugk,ehugkae@ftc.gov,Female,Luxembourg,11/22/1987
Carny,Widdison,cwiddisonfu@uol.com.br,Male,Russia,04/23/1986
Elaina,Kamienski,ekamienski83@economist.com,Female,Philippines,09/23/1995
Darrell,Cove,dcove4m@aol.com,Male,Indonesia,09/20/1991
Florette,Halbert,fhalbert50@google.com.hk,Female,China,08/8/1983
Allistir,Martineau,amartineau7e@altervista.org,Male,France,11/29/1989
Eleen,Willishire,ewillishireml@rediff.com,Female,Sweden,08/21/1990
Valma,Weyland,vweylandob@wikipedia.org,Female,Russia,07/22/1992
Coral,Kaygill,ckaygill7e@last.fm,Female,Brazil,10/16/1990
Darren,Tipper,dtipperlt@themeforest.net,Male,France,06/24/1999
Darci,Ferre,dferrels@w3.org,Female,Russia,02/20/1989
Blithe,MacCaughey,bmaccaugheyo8@last.fm,Female,Iran,11/14/1992
Stevana,Mulheron,smulheronb3@qq.com,Female,France,06/19/1994
Ingamar,Laudham,ilaudham9q@loc.gov,Male,Ukraine,02/20/1984
Aldin,Sanderson,asandersonfk@hibu.com,Male,China,03/12/1988
Fin,Gendricke,fgendrickegr@buzzfeed.com,Male,China,05/9/1987
Hayes,Waby,hwabyg4@squidoo.com,Male,China,03/29/1983
Phaedra,Watkin,pwatkin3x@webs.com,Female,Russia,07/16/1993
Sander,Kembery,skembery41@usgs.gov,Male,Myanmar,09/18/1990
Justin,Davidy,jdavidymg@xinhuanet.com,Male,Argentina,09/3/1996
Kent,Bradick,kbradick2x@stanford.edu,Male,Mexico,06/18/1984
Garrot,Lindup,glindup32@biblegateway.com,Male,China,04/11/1983
Giuseppe,Henken,ghenkenaq@4shared.com,Male,China,12/15/1980
Olly,Jenne,ojenne49@quantcast.com,Female,Cuba,06/18/1983
Wynn,Flannigan,wflanniganqh@elpais.com,Female,United States,04/6/1999
Suzi,Miles,smiles20@ibm.com,Female,Botswana,01/15/1982
Joyous,Flaxman,jflaxman1r@goo.ne.jp,Female,China,07/11/1987
Iorgo,Kettles,ikettles4p@networkadvertising.org,Male,United States,02/13/1986
Rebekah,Gudgin,rgudginko@cdc.gov,Female,China,08/14/1991
Costa,Mingo,cmingog5@bbb.org,Male,China,06/19/1983
Shani,Tilliard,stilliardo3@ucoz.com,Female,Brazil,12/26/1990
Kele,Liven,klivengo@goodreads.com,Male,Brazil,11/22/1993
Carolyn,MacGillivrie,cmacgillivrieer@baidu.com,Female,China,03/11/1982
Virginie,Glen,vglen4l@google.de,Female,Kazakhstan,06/24/1992
Gayla,Sackur,gsackurcs@cmu.edu,Female,Mozambique,04/7/1985
Chickie,Bellefonte,cbellefontei8@pbs.org,Female,Nepal,07/10/1998
Ange,Yole,ayoleqg@weather.com,Male,Russia,09/12/1996
Moss,Lillico,mlillicoaa@seattletimes.com,Male,Ukraine,05/11/1981
Alexia,Dautry,adautry7i@ameblo.jp,Female,Mexico,02/12/1980
Andonis,Jacobsson,ajacobsson3r@tinypic.com,Male,Kuwait,03/13/1983
Mal,Spurnier,mspurnier5@bizjournals.com,Male,China,11/20/1982
Odella,Dundredge,odundredgefb@rakuten.co.jp,Female,Sweden,11/1/1986
Eirena,Follan,efollanv@i2i.jp,Female,Indonesia,10/20/1992
Guy,Surgenor,gsurgenor82@elegantthemes.com,Male,Mauritius,12/9/1987
Cecilia,Bontein,cbontein1j@pbs.org,Female,Russia,08/1/1984
Brigham,Merwood,bmerwoodlv@narod.ru,Male,China,03/24/1987
Donni,Barkhouse,dbarkhousecd@themeforest.net,Female,Montenegro,05/6/1999
Filberto,Trundle,ftrundlemr@discuz.net,Male,Indonesia,05/6/1993
Leanor,Drewitt,ldrewittx@theglobeandmail.com,Female,Canada,08/2/1984
Dasya,Clerc,dclerckm@omniture.com,Female,Indonesia,05/22/1995
Cecil,Grogan,cgroganol@histats.com,Male,Indonesia,02/4/1999
Cindy,Cator,ccator4k@naver.com,Female,New Zealand,11/4/1989
Cherey,Helsdon,chelsdonfv@wix.com,Female,Zimbabwe,04/16/1991
Phylis,Batsford,pbatsfordrb@livejournal.com,Female,United States,07/29/1998
Barris,Albone,balbone4q@arizona.edu,Male,Morocco,03/7/1986
Hebert,Pykett,hpykettrr@telegraph.co.uk,Male,Hungary,03/12/1998
Wald,O'Codihie,wocodihiem3@spotify.com,Male,Morocco,06/22/1981
Carmela,Woolfall,cwoolfalldw@biblegateway.com,Female,France,02/6/1995
Ximenez,Whelan,xwhelanad@vkontakte.ru,Male,Czech Republic,10/29/1988
Malissa,Kopman,mkopman29@dailymotion.com,Female,Greece,07/28/1989
Allen,Egerton,aegertonj6@merriam-webster.com,Male,Ghana,02/3/1996
Jill,Bottleson,jbottleson8m@icq.com,Female,Thailand,03/2/1998
Mikael,Hardesty,mhardesty2k@dedecms.com,Male,Gambia,07/3/1987
Emeline,Thorold,ethorold3t@jigsy.com,Female,China,11/5/1996
Marcelia,Presshaugh,mpresshaugh8r@furl.net,Female,China,01/15/1992
Joceline,Bockin,jbockinjp@wikipedia.org,Female,Greece,06/1/1984
Templeton,Hovenden,thovenden87@google.com,Male,Japan,10/12/1994
Blanch,Shotboulte,bshotboultena@unc.edu,Female,Russia,12/24/1987
Delcina,Grzeszczak,dgrzeszczakbe@google.ca,Female,Peru,02/13/1985
Aviva,Finlry,afinlry5t@umich.edu,Female,Thailand,11/18/1996
Jarvis,Yele,jyelec4@miibeian.gov.cn,Male,Indonesia,12/20/1982
Tadeo,Pringour,tpringourja@booking.com,Male,China,06/18/1984
Nicolai,Benoit,nbenoith9@nbcnews.com,Male,Indonesia,02/27/1981
Desi,Dysart,ddysart2p@e-recht24.de,Male,Azerbaijan,02/17/1987
Talbot,Saket,tsakete2@dell.com,Male,Russia,07/16/1983
Tori,Partington,tpartingtonjm@theguardian.com,Female,China,10/20/1991
Tuesday,Brearton,tbreartong5@yandex.ru,Female,China,10/29/1990
Genevieve,Zelley,gzelley3a@github.io,Female,China,03/8/1994
Leland,Todari,ltodari2x@oakley.com,Male,United Kingdom,06/28/1991
Crosby,Truckell,ctruckell5c@marketwatch.com,Male,Indonesia,04/20/1993
Elspeth,Blasio,eblasio65@cloudflare.com,Female,Democratic Republic of the Congo,06/13/1983
Warde,Sipson,wsipsonif@ning.com,Male,Syria,08/14/1981
Abigael,Aistrop,aaistropm1@shop-pro.jp,Female,Russia,09/11/1984
Patricia,Monahan,pmonahane1@google.co.uk,Female,France,01/6/1989
Rockie,Fuke,rfukepi@gravatar.com,Male,Poland,01/15/1991
Maurizio,Chick,mchick8k@ycombinator.com,Male,Sweden,05/28/1981
Cary,Nisbet,cnisbeta5@nbcnews.com,Female,Nigeria,12/13/1996
Merry,Lindstrom,mlindstrompp@google.es,Female,Mexico,11/22/1984
Arielle,Gerrets,agerretsm3@photobucket.com,Female,China,08/12/1991
Millard,Ness,mnessle@aol.com,Male,Russia,06/29/1986
Anneliese,Shirtliff,ashirtlifffk@ocn.ne.jp,Female,Argentina,12/21/1986
Myrta,Eaddy,meaddybm@sbwire.com,Female,Indonesia,04/2/1998
Amelia,Oertzen,aoertzenbz@gov.uk,Female,Poland,09/15/1991
Berkeley,Harbison,bharbisono@goo.ne.jp,Male,Philippines,02/18/1987
Donia,Pendrigh,dpendrighbj@is.gd,Female,Indonesia,11/4/1997
Barbi,Freeberne,bfreebernefh@uol.com.br,Female,Greece,07/15/1989
Barton,Newey,bneweyom@ezinearticles.com,Male,Philippines,10/7/1996
Courtenay,Caddies,ccaddies2m@constantcontact.com,Female,Malaysia,08/29/1998
Gordy,Bellamy,gbellamyk@who.int,Male,Democratic Republic of the Congo,03/16/1991
Laurence,Ginglell,lginglellrc@marketwatch.com,Male,Philippines,12/29/1994
Abbott,Ruslin,aruslinml@wsj.com,Male,Portugal,07/5/1998
Agretha,Andrelli,aandrellif1@dot.gov,Female,Hungary,01/23/1982
Halimeda,Cesaric,hcesarici1@last.fm,Female,Sweden,07/3/1993
Brnaby,Gunner,bgunner8g@npr.org,Male,China,05/4/1994
Demetrius,Rubberts,drubberts5s@simplemachines.org,Male,China,08/24/1994
Stevy,Kimm,skimm4y@unblog.fr,Male,Suriname,11/17/1985
Dorette,Le Fevre,dlefevrede@house.gov,Female,Vietnam,08/19/1980
Sutherland,Wallett,swallettb6@php.net,Male,Estonia,10/6/1995
Angie,Brayne,abraynefk@hud.gov,Female,China,12/5/1993
Lorettalorna,Cunio,lcunioq1@drupal.org,Female,Netherlands,07/5/1996
Constantino,Toulamain,ctoulamain8g@loc.gov,Male,Serbia,08/1/1988
Krystalle,Pyser,kpyser2n@wikia.com,Female,China,12/13/1987
Darius,Tanman,dtanman2a@hugedomains.com,Male,China,07/27/1994
Lind,Pepis,lpepis7f@biblegateway.com,Male,Czech Republic,07/8/1987
Gabriello,Tasseler,gtasselercl@skype.com,Male,United States,04/21/1988
Gilberto,Finley,gfinleylk@vinaora.com,Male,Chile,07/14/1992
Cindy,Haldin,chaldinmi@examiner.com,Female,China,08/10/1984
Mickie,Tuxell,mtuxellkx@google.co.jp,Female,Italy,08/8/1985
Penn,Caplin,pcaplinb2@addtoany.com,Male,United States,05/14/1985
Verile,Gooden,vgoodenk0@berkeley.edu,Female,China,05/17/1997
Skyler,O'Sharry,sosharryh3@lulu.com,Male,Israel,09/9/1996
Marigold,Tildesley,mtildesley95@xrea.com,Female,Philippines,03/11/1991
Wolfgang,Collinette,wcollinette1q@163.com,Male,Philippines,03/8/1980
Nike,Snazel,nsnazel1a@last.fm,Female,Russia,02/9/1989
Bucky,Klamp,bklamplf@pagesperso-orange.fr,Male,China,01/9/1981
Preston,Ogg,poggnc@nature.com,Male,Iran,08/3/1985
Carlynn,Emlyn,cemlyny@phpbb.com,Female,Uganda,04/6/1995
Mattie,Jindracek,mjindracek4k@theguardian.com,Female,Ethiopia,09/3/1980
Neale,Hellsdon,nhellsdon45@wikimedia.org,Male,Indonesia,05/15/1996
Erich,Schrir,eschrirjp@livejournal.com,Male,Poland,06/27/1991
Verina,Ickeringill,vickeringill37@is.gd,Female,Belarus,02/3/1987
Kylynn,Tilney,ktilney17@sina.com.cn,Female,Indonesia,11/4/1998
Page,MacGaughey,pmacgaugheyk4@msn.com,Male,Ireland,02/7/1999
Josie,Carillo,jcarillor7@wired.com,Female,France,03/9/1997
Marley,Filippov,mfilippovlf@indiegogo.com,Female,Mongolia,05/8/1999
Aldous,Salliss,asallisslz@cnet.com,Male,France,09/2/1995
Betsy,Crosdill,bcrosdillfy@devhub.com,Female,Canada,04/1/1980
Delila,Donoher,ddonoherin@oracle.com,Female,Finland,07/12/1999
Mirna,Tuminelli,mtuminellil@thetimes.co.uk,Female,Ukraine,07/23/1987
Vinny,Housen,vhousengg@narod.ru,Male,China,04/29/1999
Ericka,Rexworthy,erexworthyds@gov.uk,Female,China,05/17/1995
Jo,Albion,jalbionms@google.fr,Male,Mexico,01/3/1991
Angil,Woolacott,awoolacottby@comsenz.com,Female,France,09/2/1996
Ruben,Simoncini,rsimoncinik5@businessweek.com,Male,Indonesia,01/29/1990
Mozes,Jockle,mjocklejg@tumblr.com,Male,Russia,05/4/1983
Katerina,Harkin,kharkinfj@blogtalkradio.com,Female,Sweden,03/7/1983
Margy,Dowzell,mdowzellbt@dropbox.com,Female,Russia,02/7/1985
Judith,Munn,jmunnfd@cornell.edu,Female,China,12/12/1980
Kamilah,Brough,kbroughcd@netvibes.com,Female,China,02/22/1985
Melisande,Tullis,mtullisdw@reverbnation.com,Female,Macedonia,12/24/1991
Rhea,Delete,rdelete8h@studiopress.com,Female,United States,01/30/1984
Ethan,Methven,emethvenbi@i2i.jp,Male,France,10/27/1982
Alvie,Smead,asmead3r@businesswire.com,Male,Brazil,07/9/1999
Loralee,Jurewicz,ljurewicz8l@cnn.com,Female,Brazil,07/12/1990
Karylin,Dresse,kdresseqa@seattletimes.com,Female,China,12/1/1983
Krishnah,Klyner,kklynerof@creativecommons.org,Male,China,10/31/1980
Viole,Toffetto,vtoffettoki@sciencedaily.com,Female,Russia,02/13/1994
Shel,East,seastny@who.int,Female,Russia,02/28/1990
Bettine,Scamerdine,bscamerdine88@privacy.gov.au,Female,Indonesia,08/30/1990
Stephie,Middlemass,smiddlemasseg@ebay.com,Female,China,06/2/1980
Batholomew,Kealy,bkealy70@admin.ch,Male,Netherlands,08/3/1983
Ray,Causbey,rcausbey6k@sun.com,Male,Morocco,10/17/1996
Rockie,Botger,rbotgerd4@gov.uk,Male,Canada,11/25/1981
Nolly,Collman,ncollmanfw@salon.com,Male,Armenia,11/7/1987
Shepperd,Northedge,snorthedgedl@utexas.edu,Male,Russia,06/17/1986
Munmro,Schiesterl,mschiesterl7x@yahoo.com,Male,Indonesia,12/23/1998
Tallie,Briar,tbriarq9@usatoday.com,Male,Peru,11/7/1988
Ranee,Caswell,rcaswelley@google.pl,Female,China,03/27/1987
Eldridge,Moralas,emoralaskr@bizjournals.com,Male,Mexico,10/27/1991
Thacher,Crooke,tcrookeks@google.pl,Male,Portugal,12/9/1983
Freddy,Wade,fwade25@qq.com,Male,North Korea,11/10/1988
Elsbeth,Rysom,erysommf@vimeo.com,Female,France,06/5/1982
Ode,Beddows,obeddowspy@aol.com,Male,Indonesia,10/7/1992
Grace,Penticoot,gpenticootl7@163.com,Female,Ireland,01/25/1981
Kennedy,Jakab,kjakaban@icq.com,Male,Peru,01/6/1995
Stearn,Rivelon,srivelonm2@alexa.com,Male,China,05/26/1985
Claus,Broggio,cbroggionr@dropbox.com,Male,China,05/1/1995
Nicole,Morin,nmorin30@umich.edu,Female,Vietnam,06/27/1980
Marni,Chatwood,mchatwoodim@answers.com,Female,Russia,02/7/1998
Kirsten,McGovern,kmcgovernet@washington.edu,Female,Indonesia,01/1/1981
Joseph,Bonfield,jbonfieldgb@google.com.br,Male,Portugal,02/22/1988
Donalt,Camelin,dcamelint@geocities.jp,Male,Philippines,10/20/1991
Irma,Wiltshaw,iwiltshaw4l@pcworld.com,Female,Indonesia,04/2/1986
Hammad,Cheyne,hcheynequ@ifeng.com,Male,Indonesia,02/2/1982
Rowney,Aizic,raizic60@toplist.cz,Male,Dominican Republic,03/2/1983
Joshia,Tebbitt,jtebbitt8a@engadget.com,Male,China,04/20/1995
Nikolia,Janman,njanmanm1@twitpic.com,Female,France,12/28/1985
Leone,Sprowell,lsprowellqy@independent.co.uk,Female,Austria,11/8/1984
Filmore,Hamer,fhamerkh@cafepress.com,Male,Israel,09/18/1989
Ella,Frankiss,efrankissej@mashable.com,Female,China,06/3/1984
Jamesy,Candish,jcandishno@cyberchimps.com,Male,Israel,01/18/1992
Raff,Cornes,rcornesar@topsy.com,Male,China,06/10/1993
Hillary,Calbaithe,hcalbaithej8@google.ca,Male,Bosnia and Herzegovina,06/8/1980
Nanete,MacClay,nmacclaypb@soundcloud.com,Female,Indonesia,06/3/1998
Ricki,Presnall,rpresnalle9@umn.edu,Female,Brazil,03/8/1997
Dieter,Burton,dburtonb0@dagondesign.com,Male,Philippines,06/8/1990
Alfredo,Orchart,aorchartj0@oracle.com,Male,Russia,12/2/1985
Dalston,Lilford,dlilford34@printfriendly.com,Male,Russia,07/23/1986
Burg,Ivanchov,bivanchov68@nydailynews.com,Male,China,02/29/1996
Tove,Stonehewer,tstonehewerog@infoseek.co.jp,Female,Azerbaijan,10/8/1994
Fleur,Rawlence,frawlencebt@biglobe.ne.jp,Female,China,10/22/1995
Fanchon,Hebden,fhebdengr@joomla.org,Female,Albania,12/24/1990
Sapphira,Pluthero,splutheroot@cnn.com,Female,China,08/26/1994
Abey,Skae,askaeej@ehow.com,Male,Peru,10/20/1982
Tom,Pluck,tpluck4j@about.me,Male,China,01/6/1983
Hale,Dornin,hdornin7v@elpais.com,Male,South Africa,09/16/1981
Ardelia,Tripet,atripetcq@ucsd.edu,Female,Sierra Leone,08/3/1991
Galvin,Readie,greadiepo@cdc.gov,Male,China,08/25/1986
Urson,Talbot,utalbotk7@networkadvertising.org,Male,Netherlands,09/9/1995
Aida,Christy,achristydc@about.com,Female,Iran,10/5/1996
Gregoor,Sotham,gsothamom@tinyurl.com,Male,China,05/16/1997
Norrie,Carnilian,ncarnilian5o@google.co.jp,Male,Russia,11/16/1991
Ulrika,Vass,uvasse5@123-reg.co.uk,Female,Poland,02/4/1984
Javier,Binham,jbinham44@google.ru,Male,Madagascar,08/1/1989
Foster,Beasley,fbeasleyqy@histats.com,Male,Indonesia,07/21/1982
Hyacinthe,Whitworth,hwhitworth8w@sogou.com,Female,Indonesia,01/31/1994
Barton,Murrie,bmurrieqv@fotki.com,Male,Ivory Coast,04/24/1991
Cash,Isakovic,cisakovicoo@techcrunch.com,Male,Indonesia,03/15/1981
Sauncho,Oxer,soxerb4@com.com,Male,Bangladesh,03/25/1984
Sherilyn,Francesco,sfrancescoj@youtube.com,Female,Philippines,06/18/1991
Fania,Mucillo,fmucillofj@people.com.cn,Female,Indonesia,03/14/1993
Callida,Swyer-Sexey,cswyersexey1n@psu.edu,Female,Brazil,03/6/1981
Conchita,Donner,cdonnerkm@miibeian.gov.cn,Female,Portugal,05/20/1984
Gianni,Barmadier,gbarmadier9@walmart.com,Male,Ukraine,11/14/1992
Dewey,Brownbill,dbrownbill4@sogou.com,Male,China,01/12/1989
Clayborn,Vowden,cvowden67@cbc.ca,Male,Indonesia,02/12/1986
Legra,Ciccottini,lciccottinihn@nifty.com,Female,Colombia,12/2/1999
Zsazsa,Zammett,zzammett3@cdc.gov,Female,Venezuela,07/21/1997
Arlene,Roughsedge,aroughsedgez@acquirethisname.com,Female,Bosnia and Herzegovina,06/8/1994
Stormy,Ivanovic,sivanovic3c@jigsy.com,Female,Poland,04/29/1987
Winnie,Jacklin,wjacklindb@epa.gov,Male,Canada,12/26/1984
Conn,Snaden,csnadenb3@hhs.gov,Male,Finland,07/5/1999
Alicea,Cambling,acamblingna@phoca.cz,Female,China,06/17/1994
Kacy,Bayles,kbaylesj2@dailymotion.com,Female,Peru,03/20/1985
Mallorie,Maunsell,mmaunselln9@xinhuanet.com,Female,Nigeria,03/29/1996
Lothario,Bottrell,lbottrell1y@hc360.com,Male,Colombia,02/25/1985
Madelyn,De Bischop,mdebischop80@moonfruit.com,Female,France,08/21/1983
Oriana,Ruselin,oruselin1f@joomla.org,Female,Dominican Republic,08/3/1993
Sky,Jamson,sjamsonel@digg.com,Male,China,08/31/1990
Fletcher,Aronovitz,faronovitzc4@nsw.gov.au,Male,China,01/18/1994
Ricard,McCracken,rmccracken4z@apple.com,Male,Indonesia,11/11/1997
Obadiah,Barcroft,obarcroftr9@disqus.com,Male,Indonesia,01/11/1993
Corie,Cufflin,ccufflin2z@aboutads.info,Female,China,07/14/1999
Dall,Talloe,dtalloelv@businesswire.com,Male,Albania,06/22/1999
Jorgan,Btham,jbthamas@mediafire.com,Male,Madagascar,08/24/1985
Katrinka,Sreenan,ksreenan2b@disqus.com,Female,New Zealand,07/30/1991
Ina,Siemon,isiemonas@google.com.hk,Female,Indonesia,02/18/1980
Leo,Megainey,lmegaineye3@163.com,Male,Portugal,04/16/1990
Rosene,Deeley,rdeeleyh4@bizjournals.com,Female,China,08/24/1996
Rockwell,Peplay,rpeplay8p@booking.com,Male,Russia,02/26/1981
Bellina,Noraway,bnorawayq9@archive.org,Female,Indonesia,05/1/1984
Giorgia,Matys,gmatys3r@unblog.fr,Female,United States,09/16/1991
Freedman,Galbraeth,fgalbraeth2s@mozilla.com,Male,China,12/11/1997
Nady,O'Collopy,nocollopyka@google.com.hk,Female,Japan,08/25/1985
Aaren,McCurt,amccurt1q@google.co.uk,Female,Japan,10/14/1987
Albina,Sautter,asautterpv@gizmodo.com,Female,China,11/26/1991
Lewiss,Bradberry,lbradberrymr@unesco.org,Male,Paraguay,06/10/1989
Loni,Males,lmales7s@princeton.edu,Female,Indonesia,01/9/1982
Fedora,Kimbrough,fkimbroughcx@blinklist.com,Female,Croatia,01/29/1995
Benson,Calverd,bcalverdql@hubpages.com,Male,United States,08/20/1997
Marcie,Manders,mmanders9m@illinois.edu,Female,Spain,12/17/1980
Mady,Squirrel,msquirrel8@toplist.cz,Female,Kyrgyzstan,12/23/1980
Gnni,Beaston,gbeastonf@salon.com,Female,China,09/11/1984
Branden,Hallt,bhalltfu@tinyurl.com,Male,Gambia,05/14/1986
Brigit,Thying,bthyingd8@abc.net.au,Female,Russia,07/6/1990
Reggie,Ennals,rennalsg2@telegraph.co.uk,Male,China,12/10/1983
Mehetabel,Klimkiewich,mklimkiewiche9@twitter.com,Female,China,12/29/1997
Yale,Maginot,ymaginotio@theatlantic.com,Male,Vietnam,08/22/1994
Lyndy,Dymidowski,ldymidowski3h@discuz.net,Female,Latvia,01/20/1999
Liam,Sinney,lsinneynl@hugedomains.com,Male,Jordan,12/15/1986
Drusilla,McKea,dmckeai2@who.int,Female,United States,10/16/1990
Dionne,Moore,dmooreas@domainmarket.com,Female,Indonesia,03/8/1987
Dallis,Brookbank,dbrookbankev@adobe.com,Male,China,08/10/1991
Jarib,Baitey,jbaitey5z@xinhuanet.com,Male,Brazil,01/9/1992
Wittie,Fogel,wfogelrr@constantcontact.com,Male,Russia,02/20/1996
Ulrike,Ranking,urankingle@ehow.com,Female,Argentina,05/22/1980
Forest,Francesconi,ffrancesconi58@google.es,Male,Indonesia,05/13/1993
Harald,Giacopini,hgiacopini6v@ameblo.jp,Male,United States,06/25/1980
Ardisj,Vernalls,avernallsdv@163.com,Female,China,10/19/1992
Malynda,Mallon,mmallon1r@1und1.de,Female,Greece,07/17/1991
Launce,Barrus,lbarrusg4@tripod.com,Male,Albania,12/17/1988
Rad,Viant,rvianth3@craigslist.org,Male,Brazil,10/19/1986
Raleigh,Gostridge,rgostridgeni@comsenz.com,Male,Russia,11/10/1998
Pearla,Yewman,pyewmanlb@shinystat.com,Female,Netherlands,05/1/1981
Harriet,Bottell,hbottell5q@pcworld.com,Female,France,11/23/1983
Juliet,Lively,jlively5y@sun.com,Female,Mexico,10/18/1995
Eartha,Freke,efrekeu@dailymotion.com,Female,Sweden,02/2/1997
Flossie,Gillopp,fgilloppcr@who.int,Female,Russia,05/17/1996
Miller,Zupone,mzupone7d@wisc.edu,Male,China,12/27/1992
Taffy,Bernt,tbernton@un.org,Female,Czech Republic,04/9/1986
Loree,Weiner,lweiner73@infoseek.co.jp,Female,Russia,02/28/1993
Claudette,Chimienti,cchimienti5l@geocities.jp,Female,Sweden,07/16/1993
Gasper,Otham,gothamq9@diigo.com,Male,Tajikistan,10/31/1993
Kennith,Springford,kspringford2y@altervista.org,Male,Philippines,01/6/1985
Georgie,Boggis,gboggis96@geocities.jp,Male,Indonesia,06/9/1988
Wallis,Elsdon,welsdon4v@fastcompany.com,Female,Thailand,05/13/1981
Bellina,Kemshell,bkemshell6g@ucsd.edu,Female,Armenia,07/13/1991
Lisa,Beeres,lbeeresif@etsy.com,Female,Philippines,03/8/1981
Brennen,Banton,bbantonnx@technorati.com,Male,Indonesia,11/14/1992
Kimmie,Gustus,kgustusqs@ft.com,Female,China,11/1/1999
Theadora,Pattrick,tpattrick9f@oakley.com,Female,Poland,06/6/1987
Ollie,Bortolotti,obortolottiia@cbc.ca,Male,Portugal,12/28/1983
Nickey,Haysar,nhaysar2u@altervista.org,Male,Palestinian Territory,10/4/1998
Filippa,Deshorts,fdeshorts5i@privacy.gov.au,Female,China,06/2/1988
Gregorius,Fryatt,gfryattoh@oracle.com,Male,China,03/12/1980
Frederique,Salandino,fsalandinock@simplemachines.org,Female,Brazil,01/23/1996
Basilius,James,bjamesce@nasa.gov,Male,China,01/26/1996
Rebecca,Pude,rpudeqi@cisco.com,Female,China,03/12/1997
Hilly,McCulloch,hmccullochlq@chronoengine.com,Male,Japan,03/14/1983
Rora,Petkens,rpetkens9v@godaddy.com,Female,Indonesia,01/15/1990
Ivett,Thornally,ithornallypm@gravatar.com,Female,China,06/14/1998
Pryce,Easton,peaston88@ucla.edu,Male,Brazil,06/25/1998
Carl,Frankish,cfrankish7@loc.gov,Male,Afghanistan,03/12/1994
Everard,Fernan,efernanii@usnews.com,Male,Honduras,05/22/1982
Wald,Workes,wworkes59@si.edu,Male,Spain,07/16/1997
Rosemonde,Monksfield,rmonksfieldpq@amazonaws.com,Female,Russia,10/21/1995
Cherish,Easterbrook,ceasterbrookq5@seattletimes.com,Female,China,09/26/1987
Jeremy,Aronin,jaronina1@ifeng.com,Male,China,05/15/1987
Natividad,Baser,nbaser3f@last.fm,Female,Pakistan,10/30/1989
Claudius,Ferminger,cfermingerlf@census.gov,Male,China,09/17/1998
Calla,Melia,cmeliaez@wikipedia.org,Female,Kazakhstan,01/29/1993
Cornelius,Strippling,cstripplinghq@cam.ac.uk,Male,Brazil,12/2/1987
Melvin,Pettus,mpettus1o@jigsy.com,Male,China,03/28/1994
Goraud,Magarrell,gmagarrellcp@163.com,Male,Indonesia,01/27/1991
Dolli,Pass,dpasslm@sohu.com,Female,France,01/25/1993
Delphinia,Spadaro,dspadarodx@walmart.com,Female,Thailand,10/11/1988
Marillin,Wroth,mwroth4b@reverbnation.com,Female,Egypt,07/9/1981
Allx,Fourman,afourmanc3@nba.com,Female,Paraguay,09/22/1998
Fredelia,Plaunch,fplaunchms@geocities.jp,Female,Poland,08/21/1987
Andrus,Crenshaw,acrenshawnu@yellowbook.com,Male,Indonesia,03/7/1994
Stefano,Benny,sbenny1u@narod.ru,Male,Greece,11/5/1986
Jecho,Geist,jgeistm8@sitemeter.com,Male,China,06/22/1997
Kial,Spain-Gower,kspaingowera5@netlog.com,Female,Peru,11/17/1996
Gav,Garnam,ggarnam26@ustream.tv,Male,Russia,01/3/1999
Ulrikaumeko,Gyenes,ugyenesu@dailymail.co.uk,Female,Russia,01/7/1990
Tab,Howsin,thowsincj@w3.org,Male,Sweden,04/10/1992
Dedra,Searson,dsearson9i@kickstarter.com,Female,France,03/7/1984
Lexi,Lyptrit,llyptritkd@spotify.com,Female,Brazil,01/16/1991
Carie,Bortolutti,cbortolutticm@adobe.com,Female,Czech Republic,03/11/1983
Sophi,Iannitti,siannittiol@1und1.de,Female,Czech Republic,07/16/1980
Alexina,Hendriks,ahendriksmd@typepad.com,Female,Mexico,02/27/1999
Say,Penhaligon,spenhaligonna@youku.com,Male,Serbia,07/20/1984
Cesya,Hallows,challowsqd@rambler.ru,Female,China,06/23/1998
Basia,Algy,balgy51@mozilla.org,Female,Indonesia,07/2/1989
Georas,Jakubowski,gjakubowskine@wix.com,Male,China,01/9/1993
Valina,Duinbleton,vduinbleton6p@wikispaces.com,Female,Niger,08/26/1991
Ilsa,MacAne,imacaneqy@plala.or.jp,Female,China,10/1/1995
Bernadene,Sebire,bsebire75@washingtonpost.com,Female,China,02/16/1990
Noella,Castelain,ncastelain1i@pagesperso-orange.fr,Female,Portugal,11/15/1996
Holly,Abadam,habadam55@cloudflare.com,Female,Russia,09/13/1991
Teodoor,Howgill,thowgillkt@linkedin.com,Male,China,05/15/1988
Whit,Frewer,wfrewernt@moonfruit.com,Male,Russia,09/16/1994
Mitchel,Meneo,mmeneolm@independent.co.uk,Male,Mexico,12/28/1990
Yehudit,Rivaland,yrivaland1g@51.la,Male,Tajikistan,12/16/1992
Gayel,Leynagh,gleynagh9n@walmart.com,Female,Peru,10/26/1999
Karlene,Espinosa,kespinosa4v@ning.com,Female,Argentina,01/15/1989
Phedra,Parffrey,pparffrey81@nih.gov,Female,France,04/27/1997
Arlyn,M'Quharge,amquharge4d@disqus.com,Female,Kazakhstan,09/13/1986
Nickolai,Goodfield,ngoodfieldr1@answers.com,Male,Indonesia,08/6/1989
Rafferty,Dowsett,rdowsettaz@cam.ac.uk,Male,Poland,09/22/1987
Etienne,Bramer,ebramero6@nbcnews.com,Male,Kosovo,09/13/1988
Chadwick,Vonasek,cvonasek50@oaic.gov.au,Male,Philippines,09/25/1980
Fiann,Inkle,finkle6f@webeden.co.uk,Female,Philippines,07/12/1988
Adrianne,Boys,aboysea@icq.com,Female,Poland,04/15/1988
Gallagher,Heake,gheake61@nationalgeographic.com,Male,Peru,11/2/1983
Raff,Boddie,rboddiefr@paginegialle.it,Male,United States,12/4/1987
Butch,Heggs,bheggsh9@abc.net.au,Male,Canada,02/22/1991
Nathanial,Weson,nwesonqp@cornell.edu,Male,Albania,01/3/1994
Deva,Stigger,dstiggerg9@ucla.edu,Female,Philippines,01/6/1984
Farlay,Shrieves,fshrievesfb@technorati.com,Male,Poland,02/6/1997
Tiffany,Featenby,tfeatenbypn@youtube.com,Female,China,12/16/1993
Lira,Fowler,lfowlerbd@cdc.gov,Female,Pakistan,10/7/1988
Abelard,Basil,abasile0@dedecms.com,Male,Canada,06/11/1985
Papagena,Gabbidon,pgabbidonqk@wiley.com,Female,Tunisia,07/31/1999
Faydra,Waything,fwaythingml@exblog.jp,Female,Ukraine,08/23/1983
Eva,Jendrys,ejendrysic@lycos.com,Female,China,08/11/1987
Whitby,Wainscot,wwainscotm7@360.cn,Male,Dominican Republic,04/13/1990
Wilona,Gopsell,wgopsellnz@t-online.de,Female,Bulgaria,03/12/1989
Layney,Bemlott,lbemlottne@goo.gl,Female,Czech Republic,11/10/1996
Coleman,Amoore,camoorefj@slideshare.net,Male,Poland,08/19/1992
Elbert,Glasman,eglasmanpl@yolasite.com,Male,Russia,07/14/1993
Morris,Hazeup,mhazeupae@soup.io,Male,Democratic Republic of the Congo,04/22/1989
Roselin,Trippick,rtrippickfj@phoca.cz,Female,Philippines,09/1/1996
Arabele,Eltone,aeltone5l@omniture.com,Female,France,07/12/1987
Justine,McIlhone,jmcilhone3@weebly.com,Female,China,12/25/1988
Merle,Keenlayside,mkeenlaysideqm@bing.com,Male,Costa Rica,09/10/1989
Bret,Renols,brenolspv@yellowbook.com,Male,China,08/6/1980
Wilton,Wilbore,wwilborerm@com.com,Male,Indonesia,05/29/1990
Anestassia,Balke,abalke2v@w3.org,Female,Indonesia,01/7/1985
Carie,Stedman,cstedmanf0@yolasite.com,Female,Poland,11/5/1989
Mischa,Rendle,mrendlecq@barnesandnoble.com,Male,Russia,11/14/1993
Valeria,Vernham,vvernham2a@odnoklassniki.ru,Female,Ukraine,02/7/1991
Garwood,Coote,gcootef3@ifeng.com,Male,Portugal,09/21/1981
Sibbie,Warn,swarnqq@ftc.gov,Female,Indonesia,03/8/1995
Edmon,Gurner,egurner10@bloglines.com,Male,China,07/27/1983
Connor,Bitchener,cbitchenerkx@amazon.co.jp,Male,Somalia,03/27/1990
Lindon,Wride,lwrideds@t.co,Male,China,09/27/1988
Fair,Patifield,fpatifield1a@hhs.gov,Male,Vietnam,07/8/1999
Belvia,Edmondson,bedmondson80@icio.us,Female,Uzbekistan,09/14/1998
Emmy,Craighall,ecraighalldn@de.vu,Male,Russia,05/3/1998
Kikelia,Geffe,kgeffemp@google.com,Female,Brazil,01/24/1998
Jules,Alstead,jalsteadfu@cbslocal.com,Male,Indonesia,03/8/1996
Kristian,Oran,koran54@reddit.com,Male,China,05/27/1990
Joshua,Fierman,jfiermana1@studiopress.com,Male,Portugal,04/6/1984
Hollis,Eustace,heustaceiu@nih.gov,Male,Portugal,10/10/1996
Liana,Fellibrand,lfellibrandfs@woothemes.com,Female,Palestinian Territory,12/13/1980
Rickert,Gaggen,rgaggen42@google.cn,Male,Iran,04/18/1988
Romeo,Bridgman,rbridgman6p@multiply.com,Male,China,02/25/1986
Teriann,Krol,tkrola5@cam.ac.uk,Female,Indonesia,02/18/1989
Willi,Isworth,wisworthdx@boston.com,Female,South Africa,03/3/1989
Paola,Dollar,pdollarqj@shareasale.com,Female,China,03/31/1989
Tymothy,MacAughtrie,tmacaughtrie6q@discuz.net,Male,China,03/17/1991
Reynard,Renison,rrenisoncj@webs.com,Male,Lithuania,04/5/1998
Christina,Cicconetti,ccicconettird@abc.net.au,Female,Sweden,07/16/1985
Alleyn,Coomber,acoomber7@google.cn,Male,Portugal,10/19/1997
Jedidiah,Napolione,jnapolionelm@cafepress.com,Male,Russia,08/14/1990
Pauline,Zolini,pzolinike@toplist.cz,Female,Netherlands,03/15/1988
Krysta,Gladtbach,kgladtbachp@sohu.com,Female,Kazakhstan,11/11/1991
Fanya,Stanyard,fstanyard4e@wufoo.com,Female,China,08/1/1988
Chrysa,MacRury,cmacruryob@tinyurl.com,Female,Poland,05/23/1993
Gilberta,Revan,grevancd@oracle.com,Female,Finland,10/20/1992
Evelyn,Gilstin,egilstingi@ning.com,Female,Belarus,01/8/1985
Sayres,Crimes,scrimes8k@howstuffworks.com,Male,Indonesia,02/4/1992
Jerald,Drewe,jdrewe2@microsoft.com,Male,Philippines,10/17/1994
Larisa,Craister,lcraisterot@fda.gov,Female,Chile,05/19/1998
Neill,Shorter,nshorterfq@tripod.com,Male,Belarus,12/24/1980
Jacinda,Gaunson,jgaunsonr3@disqus.com,Female,France,05/5/1988
Paddie,Bobasch,pbobasche3@wisc.edu,Male,Indonesia,02/11/1999
Giacobo,Edgell,gedgell5n@lulu.com,Male,Ukraine,06/24/1986
Emmery,Gowrich,egowrich4w@technorati.com,Male,Nicaragua,09/17/1998
Lila,Brushneen,lbrushneenkl@google.co.uk,Female,Kenya,12/4/1989
Rudolf,Lyttle,rlyttlefk@alibaba.com,Male,Philippines,12/9/1984
Frankie,Creaser,fcreaserm1@diigo.com,Female,France,03/25/1995
Marna,Scrowton,mscrowton9l@buzzfeed.com,Female,Ukraine,03/19/1983
Boonie,Strute,bstruteiy@behance.net,Male,China,03/11/1993
Roshelle,Heinemann,rheinemannlm@oracle.com,Female,Japan,01/26/1991
Elwira,Cawthorne,ecawthorne36@apache.org,Female,Indonesia,05/10/1990
Joan,Habbes,jhabbesqf@themeforest.net,Female,Russia,12/29/1988
Kerby,Duro,kduro6t@mapquest.com,Male,Thailand,07/23/1984
Cassie,Fidelli,cfidelli6i@army.mil,Male,Poland,04/5/1980
Kali,Luney,kluneyp6@cafepress.com,Female,China,12/26/1981
Whitby,Naughton,wnaughtonov@google.com.br,Male,Philippines,08/29/1994
Chaunce,Tiron,ctironi5@bloglovin.com,Male,France,12/14/1982
Prudence,Caneo,pcaneop9@zimbio.com,Female,China,07/7/1994
Fonz,Clackers,fclackersa2@nature.com,Male,United States,10/16/1984
Dannel,Davids,ddavidsjd@drupal.org,Male,Russia,03/23/1998
Joice,O'Dulchonta,jodulchontajq@wsj.com,Female,Poland,12/4/1982
Lothaire,Bentzen,lbentzenkq@purevolume.com,Male,France,07/26/1988
Marris,Nemchinov,mnemchinov2d@bandcamp.com,Female,Portugal,01/28/1988
Elijah,Brolechan,ebrolechang4@cdc.gov,Male,Vietnam,10/31/1992
Peyter,Bainton,pbainton6a@hc360.com,Male,Croatia,11/1/1980
Ravid,Devon,rdevonpm@cloudflare.com,Male,France,08/9/1989
Melisandra,Dorton,mdorton2e@bluehost.com,Female,Thailand,06/7/1980
Glenine,Kitchingman,gkitchingmanih@goodreads.com,Female,Indonesia,06/4/1989
Bevin,McEnteggart,bmcenteggart8k@soup.io,Male,United States,09/3/1985
Ag,Odby,aodbypc@vk.com,Female,Lithuania,03/24/1986
Hephzibah,Folks,hfolks8m@nyu.edu,Female,Spain,09/25/1983
Benito,Portlock,bportlock7c@cnbc.com,Male,Chile,10/7/1989
Alex,Furlonge,afurlongel@who.int,Male,Portugal,11/12/1984
Dael,Padbery,dpadberyi1@gizmodo.com,Male,Indonesia,05/27/1987
Lavinie,Ollet,lolletfg@blogs.com,Female,Bosnia and Herzegovina,02/17/1995
Town,Scannell,tscannellra@arizona.edu,Male,Philippines,01/20/1993
Lindsey,Jenkyn,ljenkyn8z@tmall.com,Male,Indonesia,01/30/1990
Corena,Chaffer,cchaffercd@clickbank.net,Female,China,12/26/1984
Kathlin,Warwick,kwarwick5x@cpanel.net,Female,China,05/16/1991
Weylin,Kaspar,wkaspari9@ihg.com,Male,China,02/16/1988
Clevey,McGerraghty,cmcgerraghtygv@stumbleupon.com,Male,Ireland,04/1/1991
Amandy,Peppard,apeppard8l@devhub.com,Female,Greece,11/29/1994
Hetti,D'Agostini,hdagostini81@wired.com,Female,Colombia,12/24/1985
Wiatt,Dockrell,wdockrellqa@de.vu,Male,Philippines,06/28/1993
Robinet,Arundale,rarundalebq@clickbank.net,Female,Portugal,08/4/1990
Cynthie,Blanchet,cblanchetll@indiatimes.com,Female,Indonesia,09/1/1988
Duffy,Dast,ddasthm@house.gov,Male,Paraguay,11/28/1984
Lauren,Gorges,lgorges4h@edublogs.org,Female,Belarus,10/1/1988
Janine,Buey,jbuey33@hc360.com,Female,Russia,03/20/1987
Harmonia,Rutley,hrutley4v@alexa.com,Female,Portugal,11/28/1980
Alyosha,Giovannardi,agiovannardigv@boston.com,Male,Cameroon,01/30/1989
Albertine,McClaurie,amcclaurie3x@cnbc.com,Female,China,07/22/1995
Avrom,Longfield,alongfield39@ucoz.com,Male,Israel,07/20/1984
Luisa,Jasik,ljasiklp@nasa.gov,Female,Indonesia,05/7/1996
Ellis,Gainsford,egainsfordr7@edublogs.org,Male,Argentina,05/9/1980
Ros,Sentinella,rsentinellaqn@jalbum.net,Female,Russia,08/6/1983
Cecelia,Creak,ccreak4o@naver.com,Female,Nigeria,11/10/1996
Sonnie,Humby,shumbyag@umn.edu,Female,Indonesia,11/9/1998
Roshelle,Rosenshine,rrosenshinef5@jigsy.com,Female,Brazil,09/15/1984
Jarret,Klimas,jklimas4a@qq.com,Male,Macedonia,06/28/1997
Meredeth,Cottill,mcottillom@chicagotribune.com,Male,China,08/25/1995
Clark,Waye,cwayehd@networkadvertising.org,Male,Serbia,05/28/1982
Parrnell,Tingly,ptinglymx@google.pl,Male,China,06/13/1982
Hugh,Ely,hely80@dot.gov,Male,Myanmar,03/6/1992
Althea,Burniston,aburnistonb3@indiatimes.com,Female,Brazil,03/5/1980
Shepard,Dalgety,sdalgety3b@mlb.com,Male,Argentina,07/15/1995
Maritsa,Newing,mnewing7i@example.com,Female,China,02/26/1994
Carilyn,Danbye,cdanbyeex@thetimes.co.uk,Female,Brazil,01/28/1999
Gordan,Goodlake,ggoodlakelf@globo.com,Male,Portugal,08/27/1994
Lavina,Aggiss,laggisscv@tuttocitta.it,Female,Philippines,05/11/1992
Jamison,Paddick,jpaddick5@slashdot.org,Male,China,06/1/1996
Hillyer,Meugens,hmeugens34@xrea.com,Male,Albania,07/25/1984
Arnie,Cage,acagerh@slate.com,Male,China,04/14/1982
Barbie,D'Ugo,bdugooj@ox.ac.uk,Female,Macedonia,04/27/1996
Iorgos,Gutans,igutansjk@nsw.gov.au,Male,Chad,12/3/1988
Brocky,Kerans,bkeransob@creativecommons.org,Male,Brazil,06/13/1980
Duffie,Kinahan,dkinahanhz@e-recht24.de,Male,China,02/2/1984
Robin,Tuxsell,rtuxsellq2@vkontakte.ru,Male,Philippines,09/4/1987
Liana,Balser,lbalserpl@mit.edu,Female,Israel,01/23/1985
Georgianne,Connue,gconnue4e@typepad.com,Female,South Korea,12/22/1995
Friedrich,Brundle,fbrundle8o@aol.com,Male,Peru,08/9/1980
Shirline,Kinlock,skinlock8w@about.me,Female,Poland,05/27/1983
Rhett,Blackden,rblackden75@smugmug.com,Male,Indonesia,11/24/1992
Dona,Sellors,dsellorsh1@imageshack.us,Female,Latvia,03/1/1982
Babara,Caton,bcatoncy@springer.com,Female,Cuba,12/26/1999
Donavon,Giraldon,dgiraldonba@yolasite.com,Male,Philippines,11/15/1998
Zebedee,Epps,zeppsdx@infoseek.co.jp,Male,Samoa,10/25/1989
Elwira,Kerslake,ekerslakelw@a8.net,Female,Bosnia and Herzegovina,06/7/1980
Elle,Ximenez,eximenezl9@ca.gov,Female,Uganda,08/9/1992
Kim,Wrey,kwrey2n@narod.ru,Female,Russia,02/27/1995
Clayton,Salamon,csalamonp@macromedia.com,Male,Venezuela,05/30/1993
Araldo,Mapes,amapesa4@hp.com,Male,Bulgaria,08/14/1982
Gustav,Walshaw,gwalshawms@gnu.org,Male,Portugal,10/3/1988
Arne,Collomosse,acollomossehb@theatlantic.com,Male,Czech Republic,07/5/1985
Madelyn,Farrance,mfarranceje@bluehost.com,Female,China,11/2/1998
Nora,Laux,nlauxlr@auda.org.au,Female,Indonesia,05/10/1997
Barnard,Liddy,bliddy7f@weebly.com,Male,China,09/17/1980
Ricoriki,McConway,rmcconwaygu@comcast.net,Male,Brazil,05/11/1994
Sergio,Riccetti,sriccettiq8@unicef.org,Male,Poland,05/14/1986
Sherwin,Cook,scookiu@cmu.edu,Male,Estonia,08/24/1992
Fredrika,Steers,fsteersce@ucoz.com,Female,Brazil,04/13/1999
Adler,Cockin,acockin8c@example.com,Male,Russia,10/30/1993
Hannah,Woodings,hwoodingsjg@princeton.edu,Female,China,10/12/1997
Wells,Kalderon,wkalderon9a@oakley.com,Male,China,03/30/1999
Alonso,Fenck,afenckb1@ucoz.com,Male,Indonesia,05/11/1990
Alexi,Grimble,agrimblepg@berkeley.edu,Female,United States,01/17/1998
Barbra,Howett,bhowettfa@geocities.jp,Female,Croatia,04/12/1993
Thain,Nibley,tnibleykr@prlog.org,Male,Russia,12/10/1995
Rasla,Sannes,rsannesd3@indiegogo.com,Female,United States,01/5/1996
Mal,O'Gormally,mogormallynh@dot.gov,Male,Poland,04/14/1990
Carson,Scarlin,cscarlinog@dailymail.co.uk,Male,Indonesia,07/28/1991
Westleigh,Sudran,wsudran1w@mapquest.com,Male,Indonesia,08/12/1992
Roselia,Alten,ralten14@china.com.cn,Female,Indonesia,02/3/1986
Jaimie,Botright,jbotrightd8@netscape.com,Male,Morocco,01/5/1981
Celka,Willetts,cwillettsqd@mlb.com,Female,Philippines,05/12/1994
Shermy,Beniesh,sbeniesh8g@free.fr,Male,China,02/17/1981
Hunt,Chattock,hchattockdb@cam.ac.uk,Male,Dominican Republic,11/15/1987
Ashli,Chimienti,achimientinz@live.com,Female,China,12/27/1983
Oby,Gravet,ogravet13@reverbnation.com,Male,Zimbabwe,09/9/1999
Honor,Cregin,hcregingj@wsj.com,Female,Thailand,04/22/1992
Rinaldo,Boddy,rboddyjn@51.la,Male,Brazil,07/5/1981
Modesty,Crane,mcranejx@vinaora.com,Female,Poland,09/18/1980
Fiann,Domico,fdomico3v@simplemachines.org,Female,Portugal,09/9/1980
Lin,Kollas,lkollasfr@behance.net,Female,China,10/16/1997
Dalli,Stodhart,dstodhartr0@a8.net,Male,Sri Lanka,07/23/1982
Irvin,De Goey,idegoeys@chicagotribune.com,Male,Nigeria,03/4/1995
Hildy,Whitelaw,hwhitelawox@slate.com,Female,Indonesia,08/4/1994
Lawton,Feasby,lfeasbyp3@cnn.com,Male,Poland,09/16/1995
Sumner,Rosenqvist,srosenqvistbp@elegantthemes.com,Male,Portugal,03/11/1989
Ruddie,McCallion,rmccallionem@netvibes.com,Male,Pakistan,12/30/1981
Emerson,Kirkup,ekirkupfs@earthlink.net,Male,Poland,06/4/1997
Kendell,Pellant,kpellantii@answers.com,Male,China,08/30/1996
Carissa,Cordeiro,ccordeiroey@comcast.net,Female,Czech Republic,08/12/1984
Raoul,Benam,rbenammq@slashdot.org,Male,Portugal,02/2/1999
Valdemar,Fellgate,vfellgate2l@ucoz.com,Male,China,02/17/1985
Truman,Karpf,tkarpf46@upenn.edu,Male,United States,01/1/1991
Baird,Mangham,bmanghamjw@creativecommons.org,Male,Indonesia,06/15/1986
Norri,Dwane,ndwane8w@bravesites.com,Female,China,02/4/1987
Ranee,Ransley,rransleylh@hhs.gov,Female,Costa Rica,12/14/1986
Johannah,Pollard,jpollard9u@webs.com,Female,China,08/14/1981
Carolyn,Denecamp,cdenecampm4@blinklist.com,Female,China,02/12/1986
Kacey,Wraggs,kwraggs8o@jugem.jp,Female,China,12/21/1984
Reinaldos,Perkis,rperkisop@ted.com,Male,Peru,08/8/1981
Lind,Gartenfeld,lgartenfeld5h@bbc.co.uk,Male,Iran,11/13/1982
Luca,Edwardson,ledwardson4t@harvard.edu,Male,United States,04/26/1994
Ashleigh,Stouther,astouthernj@discuz.net,Female,Ukraine,06/6/1994
Mufinella,McGrudder,mmcgrudderpc@goo.gl,Female,China,09/29/1986
Drew,Pevsner,dpevsnerej@pen.io,Male,Philippines,08/7/1989
Kristen,Strongman,kstrongmanoj@imageshack.us,Female,Germany,04/2/1999
Dominick,Shippard,dshippard52@chron.com,Male,Russia,02/6/1999
Ursala,Feldmus,ufeldmus7f@usgs.gov,Female,China,07/30/1984
Ransom,MacDunlevy,rmacdunlevyaw@over-blog.com,Male,Moldova,05/31/1990
Cherey,Leonards,cleonards10@people.com.cn,Female,United States,06/29/1996
Dasie,Spatoni,dspatonidt@craigslist.org,Female,Canada,11/13/1993
Fernanda,Korejs,fkorejs8n@apache.org,Female,Greece,04/29/1980
Alf,Elmhurst,aelmhurstq8@state.gov,Male,Brazil,01/14/1994
Lamar,Moretto,lmoretto18@forbes.com,Male,Pakistan,01/3/1990
Olivier,Schrader,oschraderdu@blinklist.com,Male,Japan,12/14/1994
Hyacinthie,Traves,htravesm5@sciencedirect.com,Female,Honduras,10/3/1998
Fredelia,Rands,frandsmx@google.cn,Female,Netherlands,07/5/1988
Hobie,Arunowicz,harunowicz77@walmart.com,Male,Brazil,10/11/1995
Emanuel,Heindl,eheindl9v@dyndns.org,Male,Ukraine,11/28/1992
Jacques,McGurn,jmcgurneb@hostgator.com,Male,Russia,01/15/1984
Niel,Bridgwater,nbridgwater2b@sciencedaily.com,Male,Uzbekistan,05/11/1993
Julio,Lyokhin,jlyokhin77@stanford.edu,Male,Indonesia,11/9/1986
Felicia,Bentson,fbentsonff@aboutads.info,Female,Venezuela,08/22/1981
Tisha,Perrycost,tperrycostl6@google.ru,Female,Philippines,10/23/1992
Marylynne,Gaiford,mgaifordai@chronoengine.com,Female,Nigeria,08/30/1999
Whitaker,Gosney,wgosney8m@ameblo.jp,Male,China,03/25/1992
Amery,Shearmur,ashearmurj5@thetimes.co.uk,Male,China,09/28/1988
Krysta,Halsworth,khalsworthan@ibm.com,Female,Saint Martin,07/5/1992
Rudy,Kalkofer,rkalkoferil@oaic.gov.au,Male,Indonesia,04/29/1997
Michail,Rushsorth,mrushsorthi6@ameblo.jp,Male,China,12/17/1995
Evelyn,Delcastel,edelcastel4o@elpais.com,Female,Brazil,06/29/1981
Athena,Davern,adavernjq@is.gd,Female,Poland,03/16/1980
Kimble,Cristofalo,kcristofalo5n@accuweather.com,Male,Ukraine,02/1/1991
Maximo,Guite,mguite4z@ox.ac.uk,Male,Paraguay,09/3/1993
Judas,Turney,jturneynp@infoseek.co.jp,Male,Poland,09/6/1990
Bernardo,Pods,bpodsdh@chicagotribune.com,Male,Iran,02/2/1983
Ado,Gostling,agostlingei@ucla.edu,Male,Netherlands,08/27/1995
Terrell,Fossey,tfosseyi@timesonline.co.uk,Male,Russia,12/13/1990
Gerard,Jeanet,gjeanetny@ustream.tv,Male,Myanmar,08/6/1983
Grannie,Thrasher,gthrashergm@google.it,Male,United Kingdom,08/29/1993
Magdalen,Hanssmann,mhanssmann48@uiuc.edu,Female,Portugal,09/20/1985
Regan,Joselson,rjoselsonf6@skyrock.com,Male,Iran,10/22/1982
Erika,Eastup,eeastupf8@ted.com,Female,China,11/29/1991
Verney,Ellcock,vellcock9r@cloudflare.com,Male,Indonesia,09/22/1980
Teddy,Lodo,tlodo7l@liveinternet.ru,Female,Peru,08/9/1996
Sergei,Choupin,schouping0@bravesites.com,Male,Philippines,08/10/1996
Brockie,Quye,bquye8o@plala.or.jp,Male,Portugal,11/4/1988
Mavra,Medgewick,mmedgewick1u@microsoft.com,Female,China,01/25/1981
Albie,Brabbins,abrabbinsib@webmd.com,Male,Malaysia,08/13/1995
Lorie,Katzmann,lkatzmann14@webnode.com,Female,Philippines,06/29/1997
